姓名,病案号,项目,规格,数量,医嘱时间,核对时间,用法,每次用量,天数/次数,最后核对人,开嘱医生,项目单价,单位
谭海路,251107002,0.9%氯化钠注射液,500ml,15,2025-12-03 11:10:03,2025-12-03 11:19:53,术中用,7500ml,1,刘尧,莫永凤,1.8000 ,瓶
谭海路,251107002,0.9%氯化钠注射液,100ml,1,2025-12-03 11:10:03,2025-12-03 11:19:53,术中用,100ml,1,刘尧,莫永凤,1.2000 ,瓶
谭海路,251107002,氯化钠注射液,10ml,4,2025-12-03 11:10:03,2025-12-03 11:19:53,术中用,40ml,1,刘尧,莫永凤,0.4000 ,支
谭海路,251107002,乳酸钠林格注射液,500ml,2,2025-12-03 11:10:03,2025-12-03 11:19:53,术中用,1000ml,1,刘尧,莫永凤,11.7000 ,袋
谭海路,251107002,盐酸罗哌卡因注射液,75mg:10ml,2,2025-12-03 11:10:03,2025-12-03 11:19:53,术中用,,1,刘尧,莫永凤,33.2000 ,支
谭海路,251107002,盐酸利多卡因注射液,5ml,4,2025-12-03 11:10:03,2025-12-03 11:19:53,术中用,20ml,1,刘尧,莫永凤,2.9000 ,支
谭海路,251107002,注射用盐酸瑞芬太尼,1mg,1,2025-12-03 11:10:03,2025-12-03 11:19:53,静脉泵入,1,1,刘尧,黄亚林,98.8000 ,支
谭海路,251107002,祖师麻注射液,2ml,2,2025-12-03 11:10:03,2025-12-03 11:19:53,术中用,4ml,1,刘尧,莫永凤,3.6000 ,支
谭海路,251107002,盐酸帕洛诺司琼注射液,5ml,1,2025-12-03 11:10:03,2025-12-03 11:19:53,静脉注射,1,1,刘尧,黄亚林,8.1000 ,支
谭海路,251107002,复方当归注射液,2ml,2,2025-12-03 11:10:03,2025-12-03 11:19:53,术中用,4ml ,1,刘尧,莫永凤,2.1000 ,支
谭海路,251107002,复方倍他米松注射液,1ml,1,2025-12-03 11:10:03,2025-12-03 11:19:53,术中用,1ml,1,刘尧,莫永凤,44.2000 ,支
谭海路,251107002,盐酸右美托咪定注射液,200ug,1,2025-12-03 11:10:03,2025-12-03 11:19:53,静脉泵入,1,1,刘尧,黄亚林,18.4000 ,支
谭海路,251107002,弹性绷带,卷,6,2025-12-03 11:10:03,2025-12-03 11:19:53,术中用,6,1,刘尧,莫永凤,14.4000 ,卷
谭海路,251107002,一次性使用输液器带针,6#,1,2025-12-03 11:10:03,2025-12-03 11:19:53,术中用,1,1,刘尧,莫永凤,2.0000 ,支
谭海路,251107002,一次性使用静脉留置针,1.10mm*29mm,1,2025-12-03 11:10:03,2025-12-03 11:19:53,术中用,1,1,刘尧,莫永凤,9.2000 ,支
谭海路,251107002,一次性使用无菌注射器带针,10ml,2,2025-12-03 11:10:03,2025-12-03 11:19:53,术中用,30ml,1,刘尧,莫永凤,0.8800 ,支
谭海路,251107002,一次性使用无菌注射器带针,20ml,2,2025-12-03 11:10:03,2025-12-03 11:19:53,术中用,40ml,1,刘尧,莫永凤,1.1200 ,支
谭海路,251107002,一次性使用无菌注射器带针,50ml,2,2025-12-03 11:10:03,2025-12-03 11:19:53,术中用,100ml,1,刘尧,莫永凤,4.2000 ,支
谭海路,251107002,一次性吸痰管,根,1,2025-12-03 11:10:03,2025-12-03 11:19:53,术中用,1,1,刘尧,莫永凤,1.1000 ,根
谭海路,251107002,负压引流球,个,1,2025-12-03 11:10:03,2025-12-03 11:19:53,术中用,1,1,刘尧,莫永凤,19.4000 ,个
谭海路,251107002,一次性使用微量泵延长管,根,2,2025-12-03 11:10:03,2025-12-03 11:19:53,术中用,2,1,刘尧,莫永凤,2.6000 ,根
谭海路,251107002,2-0可吸收外科缝合线,根,2,2025-12-03 11:10:03,2025-12-03 11:19:53,术中用,2,1,刘尧,莫永凤,18.2000 ,根
谭海路,251107002,0.9%氯化钠注射液,500ml,4,2025-12-04 10：28:09,2025-12-04 10:36:44,术中用,2000ml,1,冯丹,莫永凤,1.8000 ,瓶
谭海路,251107002,0.9%氯化钠注射液,100ml,1,2025-12-04 10：28:09,2025-12-04 10:36:44,术中用,100ml,1,冯丹,莫永凤,1.2000 ,瓶
谭海路,251107002,乳酸钠林格注射液,500ml,1,2025-12-04 10：28:09,2025-12-04 10:36:44,术中用,500ml,1,冯丹,莫永凤,11.7000 ,袋
谭海路,251107002,氯化钠注射液,10ml,3,2025-12-04 10：28:09,2025-12-04 10:36:44,术中用,30ml,1,冯丹,莫永凤,0.4000 ,支
谭海路,251107002,盐酸利多卡因注射液,5ml,4,2025-12-04 10：28:09,2025-12-04 10:36:44,术中用,20ml,1,冯丹,莫永凤,2.9000 ,支
谭海路,251107002,盐酸罗哌卡因注射液,75mg:10ml,1,2025-12-04 10：28:09,2025-12-04 10:36:44,术中用,,1,冯丹,莫永凤,33.2000 ,支
谭海路,251107002,祖师麻注射液,2ml,2,2025-12-04 10：28:09,2025-12-04 10:36:44,术中用,4ml,1,冯丹,莫永凤,3.6000 ,支
谭海路,251107002,复方当归注射液,2ml,2,2025-12-04 10：28:09,2025-12-04 10:36:44,术中用,4ml,1,冯丹,莫永凤,2.1000 ,支
谭海路,251107002,注射用盐酸瑞芬太尼,1mg,1,2025-12-04 10：28:09,2025-12-04 10:36:44,静脉泵入,1mg,1,冯丹,黄亚林,98.8000 ,支
谭海路,251107002,复方倍他米松注射液,1mg,1,2025-12-04 10：28:09,2025-12-04 10:36:44,术中用,1mg,1,冯丹,莫永凤,44.2000 ,支
谭海路,251107002,盐酸右美托咪定注射液,2ml,1,2025-12-04 10：28:09,2025-12-04 10:36:44,静脉泵入,1,1,冯丹,黄亚林,18.4000 ,支
谭海路,251107002,盐酸帕洛诺司琼注射液,0.25ml,1,2025-12-04 10：28:09,2025-12-04 10:36:44,静脉注射,1,1,冯丹,黄亚林,8.1000 ,支
谭海路,251107002,弹性绷带,卷,2,2025-12-04 10：28:09,2025-12-04 10:36:44,术中用,2,1,冯丹,莫永凤,4.8000 ,卷
谭海路,251107002,一次性使用输液器带针,6#,1,2025-12-04 10：28:09,2025-12-04 10:36:44,术中用,1,1,冯丹,莫永凤,2.0000 ,支
谭海路,251107002,一次性使用静脉留置针,1.10mm*29mm,1,2025-12-04 10：28:09,2025-12-04 10:36:44,术中用,1,1,冯丹,莫永凤,9.2000 ,支
谭海路,251107002,一次性使用无菌注射器带针,10ml,2,2025-12-04 10：28:09,2025-12-04 10:36:44,术中用,40ml,1,冯丹,莫永凤,0.8800 ,支
谭海路,251107002,一次性使用无菌注射器带针,20ml,1,2025-12-04 10：28:09,2025-12-04 10:36:44,术中用,20ml,1,冯丹,莫永凤,0.5600 ,支
谭海路,251107002,一次性使用无菌注射器带针,50ml,2,2025-12-04 10：28:09,2025-12-04 10:36:44,术中用,100ml,1,冯丹,莫永凤,4.2000 ,支
谭海路,251107002,一次性使用吸痰管,根,1,2025-12-04 10：28:09,2025-12-04 10:36:44,术中用,1,1,冯丹,莫永凤,1.1000 ,根
谭海路,251107002,一次性鼻氧管,根,1,2025-12-04 10：28:09,2025-12-04 10:36:44,术中用,1,1,冯丹,莫永凤,0.7600 ,根
谭海路,251107002,微量泵延长管,根,2,2025-12-04 10：28:09,2025-12-04 10:36:44,术中用,2,1,冯丹,莫永凤,2.6000 ,根
谭海路,251107002,可吸收性外科缝线2-0,根,1,2025-12-04 10：28:09,2025-12-04 10:36:44,术中用,1,1,冯丹,莫永凤,9.1000 ,根
杨俊,251215005,0.9%氯化钠注射液,100ml,1,2025-12-20 13:10:02,2025-12-20 13:14:22,术中用,100ml,1,冯丹,莫永凤,1.2000 ,瓶
杨俊,251215005,乳酸钠林格注射液,500ml,3,2025-12-20 13:10:02,2025-12-20 13:14:22,术中用,1500ml,1,冯丹,莫永凤,11.7000 ,瓶
杨俊,251215005,盐酸罗哌卡因注射液,75mg:10ml,1,2025-12-20 13:10:02,2025-12-20 13:14:22,术中用,,1,冯丹,莫永凤,33.2000 ,支
杨俊,251215005,盐酸利多卡因注射液,5ml,1,2025-12-20 13:10:02,2025-12-20 13:14:22,术中用,5ml,1,冯丹,莫永凤,2.9000 ,支
杨俊,251215005,5%葡萄糖注射液,100ml,1,2025-12-20 13:10:02,2025-12-20 13:14:22,术中用,100ml,1,冯丹,莫永凤,1.0000 ,瓶
杨俊,251215005,0.9%氯化钠注射液,500ml,9,2025-12-20 13:10:02,2025-12-20 13:14:22,术中用,4500ml,1,冯丹,莫永凤,1.8000 ,瓶
杨俊,251215005,氯化钠注射液,10ml,1,2025-12-20 13:10:02,2025-12-20 13:14:22,术中用,10ml,1,冯丹,莫永凤,0.4000 ,支
杨俊,251215005,祖师麻注射液,2ml,2,2025-12-20 13:10:02,2025-12-20 13:14:22,术中用,4ml,1,冯丹,莫永凤,3.6000 ,支
杨俊,251215005,复方当归注射液,2ml,2,2025-12-20 13:10:02,2025-12-20 13:14:22,术中用,4ml,1,冯丹,莫永凤,2.1000 ,支
杨俊,251215005,盐酸右美托咪定注射液,200ug,1,2025-12-20 13:10:02,2025-12-20 13:14:22,静脉泵入,1,1,冯丹,黄亚林,18.4000 ,支
杨俊,251215005,复方倍他米松注射液,1ml,1,2025-12-20 13:10:02,2025-12-20 13:14:22,术中用,1ml,1,冯丹,莫永凤,44.2000 ,支
杨俊,251215005,(新)一次性使用输液器带针,6#,1,2025-12-20 13:10:02,2025-12-20 13:14:22,术中用,1,1,冯丹,莫永凤,2.0000 ,支
杨俊,251215005,一次性使用静脉留置针,1.10mm*29mm,1,2025-12-20 13:10:02,2025-12-20 13:14:22,术中用,1,1,冯丹,莫永凤,9.2000 ,支
杨俊,251215005,(新)一次性使用无菌注射器带针,10ml,2,2025-12-20 13:10:02,2025-12-20 13:14:22,术中用,40ml,1,冯丹,莫永凤,0.4400 ,支
杨俊,251215005,弹力绷带,个,8,2025-12-20 13:10:02,2025-12-20 13:14:22,术中用,8,1,冯丹,莫永凤,19.2000 ,个
杨俊,251215005,一次性使用腰麻包,个,1,2025-12-20 13:10:02,2025-12-20 13:14:22,术中用,1,1,冯丹,莫永凤,29.1600 ,个
杨俊,251215005,导管固定贴,张,1,2025-12-20 13:10:02,2025-12-20 13:14:22,术中用,1,1,冯丹,莫永凤,6.4000 ,张
杨俊,251215005,一次性导尿包,个,1,2025-12-20 13:10:02,2025-12-20 13:14:22,术中用,1,1,冯丹,莫永凤,16.1000 ,个
杨俊,251215005,一次性吸痰管,个,2,2025-12-20 13:10:02,2025-12-20 13:14:22,术中用,2,1,冯丹,莫永凤,1.1000 ,个
杨俊,251215005,一次性鼻氧管,根,1,2025-12-20 13:10:02,2025-12-20 13:14:22,术中用,1,1,冯丹,莫永凤,0.7600 ,根
杨俊,251215005,可吸收线2-0,根,3,2025-12-20 13:10:02,2025-12-20 13:14:22,术中用,3,1,冯丹,莫永凤,27.3000 ,根
杨俊,251215005,0.9%氯化钠注射液,250ml,1,2025-12-22 10:26:04,2025-12-22 10:34:08,术中用,250ml,1,冯丹,莫永凤,1.3000 ,瓶
杨俊,251215005,乳酸钠林格注射液,500ml,2,2025-12-22 10:26:04,2025-12-22 10:34:08,术中用,1000ml,1,冯丹,莫永凤,11.7000 ,袋
杨俊,251215005,0.9%氯化钠注射液,100ml,1,2025-12-22 10:26:04,2025-12-22 10:34:08,术中用,100ml,1,冯丹,莫永凤,1.2000 ,瓶
杨俊,251215005,注射用盐酸瑞芬太尼,1mg,1,2025-12-22 10:26:04,2025-12-22 10:34:08,静脉泵入,1,1,冯丹,黄亚林,98.8000 ,支
杨俊,251215005,氯化钠注射液,10ml,2,2025-12-22 10:26:04,2025-12-22 10:34:08,术中用,20ml,1,冯丹,莫永凤,0.4000 ,支
杨俊,251215005,盐酸罗哌卡因注射液,75mg,1,2025-12-22 10:26:04,2025-12-22 10:34:08,术中用,75mg,1,冯丹,莫永凤,33.2000 ,支
杨俊,251215005,盐酸利多卡因注射液,5ml,2,2025-12-22 10:26:04,2025-12-22 10:34:08,术中用,10ml,1,冯丹,莫永凤,2.9000 ,支
杨俊,251215005,丙泊酚乳状注射液,20ml,1,2025-12-22 10:26:04,2025-12-22 10:34:08,静脉注射,1,1,冯丹,黄亚林,8.7000 ,支
杨俊,251215005,盐酸帕洛诺司琼注射液,5ml,1,2025-12-22 10:26:04,2025-12-22 10:34:08,静脉注射,1,1,冯丹,黄亚林,8.1000 ,支
杨俊,251215005,(新)一次性使用输液器带针,6#,1,2025-12-22 10:26:04,2025-12-22 10:34:08,术中用,1,1,冯丹,莫永凤,2.0000 ,支
杨俊,251215005,一次性使用静脉留置针,1.10mm*29mm,1,2025-12-22 10:26:04,2025-12-22 10:34:08,术中用,1,1,冯丹,莫永凤,9.2000 ,支
杨俊,251215005,(新)一次性使用无菌注射器带针,10ml,1,2025-12-22 10:26:04,2025-12-22 10:34:08,术中用,10ml,1,冯丹,莫永凤,0.4400 ,支
杨俊,251215005,(新)一次性使用无菌注射器带针,50ml,1,2025-12-22 10:26:04,2025-12-22 10:34:08,术中用,50ml,1,冯丹,莫永凤,2.1000 ,支
杨俊,251215005,(新)一次性使用无菌注射器带针,20ml,3,2025-12-22 10:26:04,2025-12-22 10:34:08,术中用,60ml,1,冯丹,莫永凤,1.6800 ,支
杨俊,251215005,(新)弹性绷带,卷,2,2025-12-22 10:26:04,2025-12-22 10:34:08,术中用,2,1,冯丹,莫永凤,4.8000 ,卷
杨俊,251215005,2-0可吸收缝线,根,1,2025-12-22 10:26:04,2025-12-22 10:34:08,术中用,1,1,冯丹,莫永凤,9.1000 ,根
杨俊,251215005,一次性使用吸痰管,根,1,2025-12-22 10:26:04,2025-12-22 10:34:08,术中用,1,1,冯丹,莫永凤,1.1000 ,根
杨俊,251215005,一次性使用微量泵延长管,根,2,2025-12-22 10:26:04,2025-12-22 10:34:08,术中用,2,1,冯丹,莫永凤,2.6000 ,根
杨俊,251215005,一次性鼻氧管,根,1,2025-12-22 10:26:04,2025-12-22 10:34:08,术中用,1,1,冯丹,莫永凤,0.7600 ,根
刘奇龙,251106012,0.9%氯化钠注射液,500ml,4,2025-11-10 11:38:48,2025-11-10 11:42:31,术中用,2000ml,1,冯丹,罗才双,1.8000 ,瓶
刘奇龙,251106012,乳酸钠林格注射液,500ml,2,2025-11-10 11:38:48,2025-11-10 11:42:31,术中用,1000ml,1,冯丹,罗才双,11.7000 ,瓶
刘奇龙,251106012,盐酸罗哌卡因注射液,75mg:10ml,1,2025-11-10 11:38:48,2025-11-10 11:42:31,术中用,10ml,1,冯丹,罗才双,33.2000 ,支
刘奇龙,251106012,盐酸利多卡因注射液,5ml,1,2025-11-10 11:38:48,2025-11-10 11:42:31,术中用,5ml,1,冯丹,罗才双,2.9000 ,支
刘奇龙,251106012,5%葡萄糖注射液,100ml,1,2025-11-10 11:38:48,2025-11-10 11:42:31,术中用,100ml,1,冯丹,罗才双,1.2000 ,瓶
刘奇龙,251106012,0.9%氯化钠注射液,250ml,1,2025-11-10 11:38:48,2025-11-10 11:42:31,术中用,250ml,1,冯丹,罗才双,1.3000 ,瓶
刘奇龙,251106012,盐酸帕洛诺司琼注射液,5ml,2,2025-11-10 11:38:48,2025-11-10 11:42:31,pcia,2,3,冯丹,黄亚林,8.1000 ,支
刘奇龙,251106012,枸橼酸舒芬太尼注射液,1ml,4,2025-11-10 11:38:48,2025-11-10 11:42:31,pcia,4,3,冯丹,黄亚林,55.2000 ,支
刘奇龙,251106012,盐酸曲马多注射液,2ml,4,2025-11-10 11:38:48,2025-11-10 11:42:31,pcia,4,3,冯丹,黄亚林,8.9000 ,支
刘奇龙,251106012,盐酸右美托咪定注射液,200ug,1,2025-11-10 11:38:48,2025-11-10 11:42:31,pcia,1,1,冯丹,罗才双,18.4000 ,支
刘奇龙,251106012,(新)一次性使用无菌注射器带针,10ml,1,2025-11-10 11:38:48,2025-11-10 11:42:31,术中用,1个,1,冯丹,罗才双,0.4400 ,支
刘奇龙,251106012,(新)一次性使用无菌注射器带针,50ml,1,2025-11-10 11:38:48,2025-11-10 11:42:31,术中用,1个,1,冯丹,罗才双,2.1000 ,支
刘奇龙,251106012,弹力绷带,卷,3,2025-11-10 11:38:48,2025-11-10 11:42:31,术中用,3卷,1,冯丹,罗才双,7.2000 ,卷
刘奇龙,251106012,一次性使用腰麻包,个,1,2025-11-10 11:38:48,2025-11-10 11:42:31,术中用,1个,1,冯丹,罗才双,29.1600 ,个
刘奇龙,251106012,一次性吸痰管,个,1,2025-11-10 11:38:48,2025-11-10 11:42:31,术中用,1个,1,冯丹,罗才双,1.1000 ,个
刘奇龙,251106012,负压引流器,个,1,2025-11-10 11:38:48,2025-11-10 11:42:31,术中用,1个,1,冯丹,罗才双,3.7800 ,个
刘奇龙,251106012,电子注药泵,个,1,2025-11-10 11:38:48,2025-11-10 11:42:31,术中用,1个,1,冯丹,罗才双,108.0000 ,个
刘奇龙,251106012,一次性鼻氧管,个,1,2025-11-10 11:38:48,2025-11-10 11:42:31,术中用,1个,1,冯丹,罗才双,0.7600 ,个
刘奇龙,251106012,可吸收线2-0,个,2,2025-11-10 11:38:48,2025-11-10 11:42:31,术中用,2个,1,冯丹,罗才双,18.2000 ,个
刘奇龙,251106012,术后电子自控镇痛,150ml,1,2025-11-11 08:50:10,2025-11-11 08:54:32,术中用,150ml,1,冯丹,罗才双,150.0000 ,天
刘奇龙,251106012,0.9%氯化钠注射液,500ml,1,2025-11-15 10:45:13,2025-11-15 10:53:29,术中用,500ml,1,冯丹,罗才双,1.8000 ,支
刘奇龙,251106012,乳酸钠林格注射液,500ml,1,2025-11-15 10:45:13,2025-11-15 10:53:29,术中用,500ml,1,冯丹,罗才双,11.7000 ,支
刘奇龙,251106012,盐酸罗哌卡因注射液,75mg:10ml,2,2025-11-15 10:45:13,2025-11-15 10:53:29,术中用,150mg,1,冯丹,罗才双,33.2000 ,支
刘奇龙,251106012,盐酸利多卡因注射液,5ml,2,2025-11-15 10:45:13,2025-11-15 10:53:29,术中用,10ml,1,冯丹,罗才双,2.9000 ,支
刘奇龙,251106012,(新)一次性使用输液器带针,6#,1,2025-11-15 10:45:13,2025-11-15 10:53:29,术中用,1个,1,冯丹,罗才双,2.0000 ,支
刘奇龙,251106012,(新)一次性使用无菌注射器带针,10ml,1,2025-11-15 10:45:13,2025-11-15 10:53:29,术中用,1个,1,冯丹,罗才双,0.4400 ,支
刘奇龙,251106012,(新)一次性使用无菌注射器带针,20ml,1,2025-11-15 10:45:13,2025-11-15 10:53:29,术中用,1个,1,冯丹,罗才双,0.5600 ,支
刘奇龙,251106012,(新)一次性使用无菌注射器带针,5ml,1,2025-11-15 10:45:13,2025-11-15 10:53:29,术中用,1个,1,冯丹,罗才双,0.3000 ,支
刘奇龙,251106012,(新)弹性绷带,卷,2,2025-11-15 10:45:13,2025-11-15 10:53:29,术中用,2卷,1,冯丹,罗才双,4.8000 ,卷
刘奇龙,251106012,伤口敷贴,张,2,2025-11-15 10:45:13,2025-11-15 10:53:29,术中用,2张,1,冯丹,罗才双,1.8400 ,张
刘奇龙,251106012,2-0可吸收缝线,根,1,2025-11-15 10:45:13,2025-11-15 10:53:29,术中用,1根,1,冯丹,罗才双,9.1000 ,根
刘奇龙,251106012,一次性鼻氧管,根,1,2025-11-15 10:45:13,2025-11-15 10:53:29,术中用,1根,1,冯丹,罗才双,0.7600 ,根
刘奇龙,251106012,0.9%氯化钠注射液,500ml,1,2025-11-18 11:10:36,2025-11-18 11:22:53,术中用,500ml,1,冯丹,罗才双,1.8000 ,瓶
刘奇龙,251106012,0.9%氯化钠注射液,100ml,2,2025-11-18 11:10:36,2025-11-18 11:22:53,术中用,200ml,1,冯丹,罗才双,1.2000 ,瓶
刘奇龙,251106012,氯化钠注射液,10ml,2,2025-11-18 11:10:36,2025-11-18 11:22:53,术中用,20ml,1,冯丹,罗才双,0.4000 ,支
刘奇龙,251106012,盐酸罗哌卡因注射液,75mg:10ml,1,2025-11-18 11:10:36,2025-11-18 11:22:53,术中用,10ml,1,冯丹,罗才双,33.2000 ,支
刘奇龙,251106012,盐酸利多卡因注射液,5ml,3,2025-11-18 11:10:36,2025-11-18 11:22:53,术中用,15ml,1,冯丹,罗才双,2.9000 ,支
刘奇龙,251106012,弹性绷带,卷,1,2025-11-18 11:10:36,2025-11-18 11:22:53,术中用,1卷,1,冯丹,罗才双,2.4000 ,卷
刘奇龙,251106012,一次性使用输液器带针,6#,1,2025-11-18 11:10:36,2025-11-18 11:22:53,术中用,1个,1,冯丹,罗才双,2.0000 ,支
刘奇龙,251106012,一次性使用静脉留置针,1.10mm*29mm,1,2025-11-18 11:10:36,2025-11-18 11:22:53,术中用,1个,1,冯丹,罗才双,9.2000 ,支
刘奇龙,251106012,一次性使用无菌注射器带针,20ml,1,2025-11-18 11:10:36,2025-11-18 11:22:53,术中用,1个,1,冯丹,罗才双,0.5600 ,支
刘奇龙,251106012,2-0可吸收缝线,根,1,2025-11-18 11:10:36,2025-11-18 11:22:53,术中用,1根,1,冯丹,罗才双,9.1000 ,根
许立刚,251121001,0.9%氯化钠注射液,500ml,10,2025-11-25 14:15:07,2025-11-25 14:34:05,术中用,5000ml,1,刘尧,莫永凤,1.8000 ,瓶
许立刚,251121001,0.9%氯化钠注射液,250ml,1,2025-11-25 14:15:07,2025-11-25 14:34:05,术中用,250ml,1,刘尧,莫永凤,1.3000 ,瓶
许立刚,251121001,氯化钠注射液,10ml,1,2025-11-25 14:15:07,2025-11-25 14:34:05,术中用,10ml,1,刘尧,莫永凤,0.4000 ,支
许立刚,251121001,5%葡萄糖注射液,100ml,1,2025-11-25 14:15:07,2025-11-25 14:34:05,术中用,100ml,1,刘尧,莫永凤,1.2000 ,瓶
许立刚,251121001,乳酸钠林格注射液,500ml,4,2025-11-25 14:15:07,2025-11-25 14:34:05,术中用,2000ml,1,刘尧,莫永凤,11.7000 ,袋
许立刚,251121001,盐酸曲马多注射液,2ml,4,2025-11-25 14:15:07,2025-11-25 14:34:05,pcia,4,3,刘尧,莫永凤,8.9000 ,支
许立刚,251121001,盐酸罗哌卡因注射液,75mg:10ml,1,2025-11-25 14:15:07,2025-11-25 14:34:05,术中用,,1,刘尧,莫永凤,33.2000 ,支
许立刚,251121001,盐酸利多卡因注射液,5ml,1,2025-11-25 14:15:07,2025-11-25 14:34:05,术中用,5ml,1,刘尧,莫永凤,2.9000 ,支
许立刚,251121001,枸橼酸舒芬太尼注射液,1ml,4,2025-11-25 14:15:07,2025-11-25 14:34:05,pcia,4,3,刘尧,黄亚林,55.2000 ,支
许立刚,251121001,祖师麻注射液,2ml,2,2025-11-25 14:15:07,2025-11-25 14:34:05,术中用,4ml,1,刘尧,莫永凤,3.6000 ,支
许立刚,251121001,盐酸帕洛诺司琼注射液,5ml,2,2025-11-25 14:15:07,2025-11-25 14:34:05,pcia,2,3,刘尧,黄亚林,8.1000 ,支
许立刚,251121001,复方当归注射液,2ml,2,2025-11-25 14:15:07,2025-11-25 14:34:05,术中用,4ml,1,刘尧,莫永凤,1.6000 ,支
许立刚,251121001,复方倍他米松注射液,1mg,1,2025-11-25 14:15:07,2025-11-25 14:34:05,术中用,1mg,1,刘尧,莫永凤,44.2000 ,支
许立刚,251121001,羟乙基淀粉130/0.4氯化钠注射液,250ml,1,2025-11-25 14:15:07,2025-11-25 14:34:05,术中用,250ml,1,刘尧,莫永凤,13.8000 ,袋
许立刚,251121001,盐酸右美托咪定注射液,200ug,1,2025-11-25 14:15:07,2025-11-25 14:34:05,术中用,200ug,1,刘尧,莫永凤,18.4000 ,支
许立刚,251121001,一次性使用输液器带针,6#,1,2025-11-25 14:15:07,2025-11-25 14:34:05,术中用,1,1,刘尧,莫永凤,2.0000 ,支
许立刚,251121001,一次性使用静脉留置针,1.10mm*29mm,1,2025-11-25 14:15:07,2025-11-25 14:34:05,术中用,1,1,刘尧,莫永凤,9.2000 ,支
许立刚,251121001,一次性使用无菌注射器带针,10ml,1,2025-11-25 14:15:07,2025-11-25 14:34:05,术中用,10ml,1,刘尧,莫永凤,0.4400 ,支
许立刚,251121001,一次性使用无菌注射器带针,20ml,1,2025-11-25 14:15:07,2025-11-25 14:34:05,术中用,20ml,1,刘尧,莫永凤,0.5600 ,支
许立刚,251121001,一次性使用无菌注射器带针,50ml,1,2025-11-25 14:15:07,2025-11-25 14:34:05,术中用,50ml,1,刘尧,莫永凤,2.1000 ,支
许立刚,251121001,弹性绷带,卷,8,2025-11-25 14:15:07,2025-11-25 14:34:05,术中用,8,1,刘尧,莫永凤,19.2000 ,卷
许立刚,251121001,负压引流球,个,2,2025-11-25 14:15:07,2025-11-25 14:34:05,术中用,2,1,刘尧,莫永凤,39.9000 ,个
许立刚,251121001,一次性导管固定装置,张,1,2025-11-25 14:15:07,2025-11-25 14:34:05,术中用,1,1,刘尧,莫永凤,6.4000 ,张
许立刚,251121001,一次性使用腰麻包,个,1,2025-11-25 14:15:07,2025-11-25 14:34:05,术中用,1,1,刘尧,莫永凤,29.1600 ,个
许立刚,251121001,电子注药泵,个,1,2025-11-25 14:15:07,2025-11-25 14:34:05,术中用,1,1,刘尧,莫永凤,108.0000 ,个
许立刚,251121001,一次性导尿包,个,1,2025-11-25 14:15:07,2025-11-25 14:34:05,术中用,1,1,刘尧,莫永凤,16.1000 ,个
许立刚,251121001,3-0可吸收外科缝合线,根,1,2025-11-25 14:15:07,2025-11-25 14:34:05,术中用,1,1,刘尧,莫永凤,9.1000 ,根
许立刚,251121001,2-0可吸收外科缝合线,根,3,2025-11-25 14:15:07,2025-11-25 14:34:05,术中用,3,1,刘尧,莫永凤,27.3000 ,根
许立刚,251121001,术后电子自控镇痛,150ml,1,2025-11-25 14:15:07,2025-11-25 14:34:05,术中用,150ml,1,刘尧,莫永凤,150.0000 ,天
许立刚,251121001,术后电子自控镇痛,150ml,1,2025-11-27 20:55:33,2025-11-27 21:02:03,术中用,150ml,1,唐官敏,莫永凤,150.0000 ,天
许立刚,251121001,0.9%氯化钠注射液,500ml,3,2025-11-29 10:30:50,2025-11-29 10:45:54,术中用,4500ml,1,冯丹,莫永凤,1.8000 ,瓶
许立刚,251121001,0.9%氯化钠注射液,100ml,1,2025-11-29 10:30:50,2025-11-29 10:45:54,术中用,100ml,1,冯丹,莫永凤,1.2000 ,瓶
许立刚,251121001,氯化钠注射液,10ml,4,2025-11-29 10:30:50,2025-11-29 10:45:54,术中用,40ml,1,冯丹,莫永凤,0.4000 ,支
许立刚,251121001,盐酸利多卡因注射液,5ml,4,2025-11-29 10:30:50,2025-11-29 10:45:54,术中用,20ml,1,刘尧,莫永凤,2.9000 ,支
许立刚,251121001,盐酸罗哌卡因注射液,75mg:10ml,2,2025-11-29 10:30:50,2025-11-29 10:45:54,术中用,,1,冯丹,莫永凤,33.2000 ,支
许立刚,251121001,祖师麻注射液,2ml,2,2025-11-29 10:30:50,2025-11-29 10:45:54,术中用,4ml,1,冯丹,莫永凤,3.6000 ,支
许立刚,251121001,复方当归注射液,2ml,2,2025-11-29 10:30:50,2025-11-29 10:45:54,术中用,4ml,1,冯丹,莫永凤,1.6000 ,支
许立刚,251121001,乳酸钠林格注射液,500ml,2,2025-11-29 10:30:50,2025-11-29 10:45:54,术中用,1000ml,1,冯丹,莫永凤,11.7000 ,袋
许立刚,251121001,复方倍他米松注射液,1ml,1,2025-11-29 10:30:50,2025-11-29 10:45:54,术中用,1ml,1,冯丹,莫永凤,44.2000 ,支
许立刚,251121001,丙泊酚乳状注射液,0.2g,1,2025-11-29 10:30:50,2025-11-29 10:45:54,静脉注射,1,1,冯丹,黄亚林,8.7000 ,支
许立刚,251121001,盐酸帕洛诺司琼注射液,5ml,1,2025-11-29 10:30:50,2025-11-29 10:45:54,静脉注射,1,1,冯丹,黄亚林,8.1000 ,支
许立刚,251121001,弹性绷带,卷,3,2025-11-29 10:30:50,2025-11-29 10:45:54,术中用,3,1,冯丹,莫永凤,7.2000 ,卷
许立刚,251121001,一次性使用输液器带针,6#,1,2025-11-29 10:30:50,2025-11-29 10:45:54,术中用,1,1,冯丹,莫永凤,2.0000 ,支
许立刚,251121001,一次性使用静脉留置针,1.10mm*29mm,1,2025-11-29 10:30:50,2025-11-29 10:45:54,术中用,1,1,冯丹,莫永凤,9.2000 ,支
许立刚,251121001,一次性使用无菌注射器带针,10ml,2,2025-11-29 10:30:50,2025-11-29 10:45:54,术中用,20ml,1,冯丹,莫永凤,0.8800 ,支
许立刚,251121001,一次性使用无菌注射器带针,20ml,2,2025-11-29 10:30:50,2025-11-29 10:45:54,术中用,40ml,1,冯丹,莫永凤,1.1200 ,支
许立刚,251121001,一次性使用微量泵延长管,根,2,2025-11-29 10:30:50,2025-11-29 10:45:54,术中用,2,1,冯丹,莫永凤,2.6000 ,根
许立刚,251121001,可吸收性外科缝线2-0,根,1,2025-11-29 10:30:50,2025-11-29 10:45:54,术中用,1,1,冯丹,莫永凤,9.1000 ,根
许立刚,251121001,一次性使用鼻氧管,根,1,2025-11-29 10:30:50,2025-11-29 10:45:54,术中用,1,1,冯丹,莫永凤,0.7600 ,根
